{
  "iteration": 9,
  "score": 0.5229585175,
  "position": [
    0,
    202,
    0.5
  ],
  "revenue": 0.247882965,
  "co2_emission": 1.2938
}