{
  "iteration": 1,
  "score": 12.434631346099474,
  "position": [
    0,
    358,
    0.48
  ],
  "revenue": 5.5519042078010505,
  "co2_emission": 30.4211669
}