{
  "iteration": 1,
  "score": 52.135203492135,
  "position": [
    1
  ],
  "revenue": 3.9715350157300002,
  "co2_emission": 108.241942
}