{
  "iteration": 1,
  "score": -2.9585283540888003,
  "position": [
    0,
    426,
    0.39
  ],
  "revenue": 5.917056708177601,
  "co2_emission": 0.0
}