{
  "iteration": 6,
  "score": -3.4304215223085297,
  "position": [
    0,
    509,
    0.1
  ],
  "revenue": 6.860843044617059,
  "co2_emission": 0.0
}