{
  "iteration": 10,
  "score": 0.1272412575,
  "position": [
    0,
    158,
    0.5
  ],
  "revenue": 0.092217485,
  "co2_emission": 0.3467
}