{
  "iteration": 20,
  "score": 0.1461372225,
  "position": [
    0,
    187,
    0.4
  ],
  "revenue": 0.095225555,
  "co2_emission": 0.3875
}