iteration,score,revenue,co2,process
1,52.135203492135,3.9715350157300002,108.241942,combustion
