iteration,score,revenue,co2,process
1,-2.9585283540888003,5.917056708177601,0.0,htc
