iteration,particle_id,process_index,parameters,revenue,co2_emission,score,pbest_position,pbest_score
0,0,1,[1],-3.9715350157300002,0.0,1.9857675078650001,[1],1.9857675078650001
0,1,0,"[0, 426, 0.39]",5.917056708177601,0.0,-2.9585283540888003,"[0, 426, 0.39]",-2.9585283540888003
