iteration,particle_id,process_index,parameters,revenue,co2_emission,score,pbest_position,pbest_score
0,0,1,[1],3.9715350157300002,108.241942,52.135203492135,[1],52.135203492135
0,1,1,[1],3.9715350157300002,108.241942,52.135203492135,[1],52.135203492135
